 {"1,2": 803, "2,1": 803, "3,4": 158, "4,3": 158, "5,6": 923.7819006670352, "6,5": 923.7819006670352, "7,8": 1825.4232385942719, "8,7": 1825.4232385942719, "9,10": 1673, "10,9": 1673, "9,11": 1501.6324450410627, "11,9": 1501.6324450410627, "1,12": 1004.7188661511238, "12,1": 1004.7188661511238, "2,13": 704.9198536003934, "13,2": 704.9198536003934, "14,15": 1635.6191488240775, "15,14": 1635.6191488240775, "16,17": 1670.4613135298885, "17,16": 1670.4613135298885, "18,19": 1012, "19,18": 1012, "20,21": 1226, "21,20": 1226, "20,22": 1513.8097634775645, "22,20": 1513.8097634775645, "23,24": 2707, "24,23": 2707}